{
  "generated_at": "2026-06-18T19:37:36.957905+00:00",
  "percentiles": {
    "avg_cpu_efficiency": {
      "25": 0.087919,
      "5": 0.001196,
      "50": 0.19872,
      "75": 0.342552,
      "95": 0.555927
    },
    "avg_memory_efficiency": {
      "25": 0.018832,
      "5": 0.000734,
      "50": 0.070858,
      "75": 0.170938,
      "95": 0.491467
    },
    "cpu_hours_allocated": {
      "25": 112.5469,
      "5": 0.47612,
      "50": 8228.43,
      "75": 91015.9331,
      "95": 473159.56054
    },
    "estimated_cost_dkk": {
      "25": 18.22,
      "5": 0.044,
      "50": 1845.1,
      "75": 12928.6,
      "95": 132743.892
    },
    "gpu_hours": {
      "25": 0.0,
      "5": 0.0,
      "50": 0.0,
      "75": 0.0,
      "95": 72.25224
    },
    "underutilized_cost_dkk": {
      "25": 7.74,
      "5": 0.032,
      "50": 945.42,
      "75": 8889.67,
      "95": 89099.382
    }
  },
  "schema_version": "v3.0"
}