{
  "generated_at": "2026-06-21T13:16:45.491341+00:00",
  "percentiles": {
    "avg_cpu_efficiency": {
      "25": 0.095481,
      "5": 0.001195,
      "50": 0.224649,
      "75": 0.35804,
      "95": 0.561083
    },
    "avg_memory_efficiency": {
      "25": 0.018158,
      "5": 0.000734,
      "50": 0.0604,
      "75": 0.152408,
      "95": 0.436782
    },
    "cpu_hours_allocated": {
      "25": 90.9261,
      "5": 0.47612,
      "50": 3385.2181,
      "75": 26635.6725,
      "95": 107730.04456
    },
    "estimated_cost_dkk": {
      "25": 13.87,
      "5": 0.044,
      "50": 698.56,
      "75": 4567.56,
      "95": 21870.352
    },
    "gpu_hours": {
      "25": 0.0,
      "5": 0.0,
      "50": 0.0,
      "75": 0.0,
      "95": 63.82608
    },
    "underutilized_cost_dkk": {
      "25": 6.94,
      "5": 0.032,
      "50": 369.54,
      "75": 2768.56,
      "95": 11640.2
    }
  },
  "schema_version": "v3.0"
}